"Month","avg_sales"
1,187.687375630858
2,183.884962004175
3,185.250470533888
4,185.49539033864
5,190.305852348183
6,190.187565294378
7,185.249825788848
8,187.648848758465
9,180.497386627657
10,184.238580021694
11,182.074955898253
12,184.655913384566
