"Month","Sales","margin"
1,1822256.73,5.28312312901719
2,2202022.42,6.38414740699924
3,2807100.38,8.1384015209816
4,3390670.24,9.8302989216093
5,3152606.75,9.14010049375465
6,2577802.26,7.47361582900495
7,2647775.76,7.67648439861
8,2244467.88,6.50720613289445
9,2097560.13,6.08128824817528
10,3736726.88,10.8335932481634
11,3199603.2,9.2763535408084
12,4613443.34,13.3753871299816
